---
# Direct UTC Expression
DirectUtcRegex: !simpleRegex
  def: \b(utc|gmt)(\s*[+\-\u00B1]?\s*[\d]{1,2}h?(\s*:\s*[\d]{1,2})?)?\b
AbbreviationsList: !list
  types: [string]
  entries:
    - ABST
    - ACDT
    - ACST
    - ACT
    - ADT
    - AEDT
    - AEST
    - AET
    - AFT
    - AKDT
    - AKST
    - AMST
    - AMT
    - AOE
    - AoE
    - ARBST
    - ARST
    - ART
    - AST
    - AWDT
    - AWST
    - AZOST
    - AZOT
    - AZST
    - AZT
    - BIT
    - BST
    - BTT
    - CADT
    - CAST
    - CBST
    - CBT
    - CCST
    - CDT
    - CDTM
    - CEST
    - CET
    - COT
    - CST
    - CSTM
    - CT
    - CVT
    - EAT
    - ECT
    - EDT
    - EDTM
    - EEST
    - EET
    - EGST
    - ESAST
    - ESAT
    - EST
    - ESTM
    - ET
    - FJST
    - FJT
    - GET
    - GMT
    - GNDT
    - GNST
    - GST
    - GTBST
    - HADT
    - HAST
    - HDT
    - HKT
    - HST
    - IRDT
    - IRKT
    - IRST
    - ISDT
    - ISST
    - IST
    - JDT
    - JST
    - KRAT
    - KST
    - LINT
    - MAGST
    - MAGT
    - MAT
    - MDT
    - MDTM
    - MEST
    - MOST
    - MSK
    - MSK+1
    - MSK+2
    - MSK+3
    - MSK+4
    - MSK+5
    - MSK+6
    - MSK+7
    - MSK+8
    - MSK+9
    - MSK-1
    - MST
    - MSTM
    - MUT
    - MVST
    - MYST
    - NCAST
    - NDT
    - NMDT
    - NMST
    - NPT
    - NST
    - NZDT
    - NZST
    - NZT
    - PDST
    - PDT
    - PDTM
    - PETT
    - PKT
    - PSAST
    - PSAT
    - PST
    - PSTM
    - PT
    - PYST
    - PYT
    - RST
    - SAEST
    - SAPST
    - SAST
    - SAWST
    - SBT
    - SGT
    - SLT
    - SMST
    - SNST
    - SST
    - TADT
    - TAST
    - THA
    - TIST
    - TOST
    - TOT
    - TRT
    - TST
    - ULAT
    - UTC
    - VET
    - VLAT
    - WAST
    - WAT
    - WEST
    - WET
    - WPST
    - YAKT
    - YEKT
FullNameList: !list
  types: [string]
  entries:
    - Acre Time
    - Afghanistan Standard Time
    - Alaskan Standard Time
    - Anywhere on Earth
    - Arab Standard Time
    - Arabian Standard Time
    - Arabic Standard Time
    - Argentina Standard Time
    - Atlantic Standard Time
    - AUS Central Standard Time
    - Australian Central Time
    - AUS Eastern Standard Time
    - Australian Eastern Time
    - Australian Eastern Standard Time
    - Australian Central Daylight Time
    - Australian Eastern Daylight Time
    - Azerbaijan Standard Time
    - Azores Standard Time
    - Bahia Standard Time
    - Bangladesh Standard Time
    - Belarus Standard Time
    - Canada Central Standard Time
    - Cape Verde Standard Time
    - Caucasus Standard Time
    - Cen. Australia Standard Time
    - Central America Standard Time
    - Central Asia Standard Time
    - Central Brazilian Standard Time
    - Central Daylight Time
    - Europe Central Time
    - European Central Time
    - Central Europe Standard Time
    - Central Europe Std Time
    - Central European Std Time
    - Central European Standard Time
    - Central Pacific Standard Time
    - Central Standard Time
    - Central Standard Time (Mexico)
    - China Standard Time
    - Dateline Standard Time
    - E. Africa Standard Time
    - E. Australia Standard Time
    - E. Europe Standard Time
    - E. South America Standard Time
    - Eastern Time
    - Eastern Daylight Time
    - Eastern Standard Time
    - Eastern Standard Time (Mexico)
    - Egypt Standard Time
    - Ekaterinburg Standard Time
    - Fiji Standard Time
    - FLE Standard Time
    - Georgian Standard Time
    - GMT Standard Time
    - Greenland Standard Time
    - Greenwich Standard Time
    - GTB Standard Time
    - Hawaiian Standard Time
    - India Standard Time
    - Iran Standard Time
    - Israel Standard Time
    - Jordan Standard Time
    - Kaliningrad Standard Time
    - Kamchatka Standard Time
    - Korea Standard Time
    - Libya Standard Time
    - Line Islands Standard Time
    - Magadan Standard Time
    - Mauritius Standard Time
    - Mid-Atlantic Standard Time
    - Middle East Standard Time
    - Montevideo Standard Time
    - Morocco Standard Time
    - Mountain Standard Time
    - Mountain Standard Time (Mexico)
    - Myanmar Standard Time
    - N. Central Asia Standard Time
    - Namibia Standard Time
    - Nepal Standard Time
    - New Zealand Standard Time
    - Newfoundland Standard Time
    - North Asia East Standard Time
    - North Asia Standard Time
    - North Korea Standard Time
    - Pacific SA Standard Time
    - Pacific Standard Time
    - Pacific Daylight Time
    - Pacific Time
    - Pacific Standard Time
    - Pacific Standard Time (Mexico)
    - Pakistan Standard Time
    - Paraguay Standard Time
    - Romance Standard Time
    - Russia Time Zone 1
    - Russia Time Zone 2
    - Russia Time Zone 3
    - Russia Time Zone 4
    - Russia Time Zone 5
    - Russia Time Zone 6
    - Russia Time Zone 7
    - Russia Time Zone 8
    - Russia Time Zone 9
    - Russia Time Zone 10
    - Russia Time Zone 11
    - Russian Standard Time
    - SA Eastern Standard Time
    - SA Pacific Standard Time
    - SA Western Standard Time
    - Samoa Standard Time
    - SE Asia Standard Time
    - Singapore Standard Time
    - Singapore Time
    - South Africa Standard Time
    - Sri Lanka Standard Time
    - Syria Standard Time
    - Taipei Standard Time
    - Tasmania Standard Time
    - Tokyo Standard Time
    - Tonga Standard Time
    - Turkey Standard Time
    - Ulaanbaatar Standard Time
    - US Eastern Standard Time
    - US Mountain Standard Time
    - Mountain
    - Venezuela Standard Time
    - Vladivostok Standard Time
    - W. Australia Standard Time
    - W. Central Africa Standard Time
    - W. Europe Standard Time
    - West Asia Standard Time
    - West Pacific Standard Time
    - Yakutsk Standard Time
    - Pacific Daylight Saving Time
    - Austrialian Western Daylight Time
    - Austrialian West Daylight Time
    - Australian Western Daylight Time
    - Australian West Daylight Time
    - Colombia Time
    - Hong Kong Time
    - Central Europe Time
    - Central European Time
    - Central Europe Summer Time
    - Central European Summer Time
    - Central Europe Standard Time
    - Central European Standard Time
    - Central Europe Std Time
    - Central European Std Time
    - West Coast Time
    - West Coast
    - Central Time
    - Central
    - Pacific
    - Eastern
BaseTimeZoneSuffixRegex: !simpleRegex
  def: ((\s+|-)(friendly|compatible))?(\s+|-)time(zone)?
LocationTimeSuffixRegex: !nestedRegex
  def: ({BaseTimeZoneSuffixRegex})\b
  references: [BaseTimeZoneSuffixRegex]
TimeZoneEndRegex: !nestedRegex
  def: ({BaseTimeZoneSuffixRegex})$
  references: [BaseTimeZoneSuffixRegex]
# For filtering ambiguous single timezone words
AmbiguousTimezoneList: !list
  types: [string]
  entries:
    - bit
    - get
    - art
    - cast
    - eat
    - lint
    - mat
    - most
    - west
    - vet
    - wet
    - cot
    - pt
    - et
    - eastern
    - pacific
    - central
    - mountain
    - west coast
# For Parsing
AbbrToMinMapping: !dictionary
 types: [ string , int ]
 entries:
   abst: 180
   acdt: 630
   acst: 570
   act: -10000
   #adt: -180
   #adt: 240
   adt: -10000
   aedt: 660
   aest: 600
   aet: 600
   aft: 270
   akdt: -480
   akst: -540
   #amst: -180
   #amst: 300
   amst: -10000
   #amt: -240
   #amt: 240
   amt: -10000
   aoe: -720
   arbst: 180
   arst: 180
   art: -180
   #ast: -240
   #ast: 180
   #ast: 240
   ast: -10000
   awdt: 540
   awst: 480
   azost: 0
   azot: -60
   azst: 300
   azt: 240
   bit: -720
   #bst: 360
   #bst: 60
   #bst: 660
   bst: -10000
   btt: 360
   cadt: -360
   cast: 480
   cbst: -240
   cbt: -240
   ccst: -360
   #cdt: -240
   #cdt: -300
   cdt: -10000
   cdtm: -360
   cest: 120
   #cet: 120
   cet: 60
   cot: -300
   #cst: -300
   #cst: -360
   #cst: 480
   #cst: 480
   cst: -10000
   cstm: -360
   ct: -360
   cvt: -60
   eat: 180
   #ect: -300
   #ect: 60
   ect: -10000
   edt: -240
   edtm: -300
   eest: 180
   #eet: 180
   eet: 120
   #eet: -10000
   egst: 0
   esast: -180
   esat: -180
   est: -300
   estm: -300
   et: -300
   fjst: 780
   fjt: 720
   get: 240
   gmt: 0
   gndt: -180
   gnst: -180
   #gst: -120
   #gst: 240
   gst: -10000
   gtbst: 120
   hadt: -540
   hast: -600
   hdt: -540
   hkt: 480
   hst: -600
   irdt: 270
   irkt: 480
   irst: 210
   isdt: 120
   isst: 120
   #ist: 60
   #ist: 120
   #ist: 330
   ist: -10000
   jdt: 120
   jst: 540
   krat: 420
   #kst: 510
   #kst: 540
   kst: -10000
   lint: 840
   magst: 720
   magt: 660
   mat: -120
   mdt: -360
   mdtm: -420
   mest: 120
   most: 0
   msk+1: 240
   msk+2: 300
   msk+3: 360
   msk+4: 420
   msk+5: 480
   msk+6: 540
   msk+7: 600
   msk+8: 660
   msk+9: 720
   msk-1: 120
   msk: 180
   mst: -420
   mstm: -420
   mut: 240
   mvst: -180
   myst: 390
   ncast: 420
   ndt: -150
   nmdt: 60
   nmst: 60
   npt: 345
   nst: -210
   nzdt: 780
   nzst: 720
   nzt: 720
   pdst: -420
   pdt: -420
   pdtm: -480
   pett: 720
   pkt: 300
   psast: -240
   psat: -240
   pst: -480
   pstm: -480
   pt: -420
   #pyst: -180
   #pyst: -510
   pyst: -10000
   #pyt: -240
   #pyt: -510
   pyt: -10000
   rst: 60
   saest: -180
   sapst: -300
   sast: 120
   sawst: -240
   sbt: 660
   sgt: 480
   slt: 330
   smst: 780
   snst: 480
   #sst: -660
   #sst: 120
   #sst: 480
   #sst: 480
   sst: -10000
   tadt: 600
   tast: 600
   tha: 420
   tist: 480
   tost: 840
   tot: 780
   trt: 180
   tst: 540
   ulat: 480
   utc: 0
   vet: -240
   vlat: 600
   #wast: 300
   wast: 120
   #wast: -10000
   #wat: 60
   #wat: 480
   wat: -10000
   west: 60
   wet: 0
   wpst: 600
   yakt: 540
   yekt: 300
# FullToMinMapping list do not need the "time" or "timezone" after its name.
# Except for case like "eastern standard time (mexico)", "russia time zone 10"
FullToMinMapping: !dictionary
 types: [ string , int ]
 entries:
   beijing: 480
   shanghai: 480
   shenzhen: 480
   suzhou: 480
   tianjian: 480
   chengdu: 480
   guangzhou: 480
   wuxi: 480
   xiamen: 480
   chongqing: 480
   shenyang: 480
   china: 480
   redmond: -480
   seattle: -480
   bellevue: -480
   pacific daylight: -420
   pacific: -480
   afghanistan standard: 270
   alaskan standard: -540
   anywhere on earth: -720
   arab standard: 180
   arabian standard: 180
   arabic standard: 180
   argentina standard: -180
   atlantic standard: -240
   aus central standard: 570
   aus eastern standard: 600
   australian eastern: 600
   australian eastern standard: 600
   australian central daylight: 630
   australian eastern daylight: 660
   azerbaijan standard: 240
   azores standard: -60
   bahia standard: -180
   bangladesh standard: 360
   belarus standard: 180
   canada central standard: -360
   cape verde standard: -60
   caucasus standard: 240
   cen. australia standard: 570
   central australia standard: 570
   central america standard: -360
   central asia standard: 360
   central brazilian standard: -240
   #central daylight: -240
   #central daylight: -300
   #central daylight: 630
   central daylight: -10000
   central europe: 60
   central european: 60
   central europe std: 60
   central european std: 60
   central europe standard: 60
   central european standard: 60
   central europe summer: 120
   central european summer: 120
   central pacific standard: 660
   central standard time (mexico): -360
   central standard: -360
   china standard: 480
   dateline standard: -720
   e. africa standard: 180
   e. australia standard: 600
   e. europe standard: 120
   e. south america standard: -180
   europe central: 60
   european central: 60
   central: -300
   eastern: -240
   #eastern daylight: -240
   #eastern daylight: 660
   eastern daylight: -10000
   eastern standard time (mexico): -300
   eastern standard: -300
   egypt standard: 120
   ekaterinburg standard: 300
   fiji standard: 720
   fle standard: 120
   georgian standard: 240
   gmt standard: 0
   greenland standard: -180
   greenwich standard: 0
   gtb standard: 120
   hawaiian standard: -600
   india standard: 330
   iran standard: 210
   israel standard: 120
   jordan standard: 120
   kaliningrad standard: 120
   kamchatka standard: 720
   korea standard: 540
   libya standard: 120
   line islands standard: 840
   magadan standard: 660
   mauritius standard: 240
   mid-atlantic standard: -120
   middle east standard: 120
   montevideo standard: -180
   morocco standard: 0
   mountain: -360
   mountain standard: -420
   mountain standard time (mexico): -420
   myanmar standard: 390
   n. central asia standard: 420
   namibia standard: 60
   nepal standard: 345
   new zealand standard: 720
   newfoundland standard: -210
   north asia east standard: 480
   north asia standard: 420
   north korea standard: 510
   west coast: -420
   pacific sa standard: -240
   pacific standard: -480
   pacific standard time (mexico): -480
   pakistan standard: 300
   paraguay standard: -240
   romance standard: 60
   russia time zone 1: 120
   russia time zone 2: 180
   russia time zone 3: 240
   russia time zone 4: 300
   russia time zone 5: 360
   russia time zone 6: 420
   russia time zone 7: 480
   russia time zone 8: 540
   russia time zone 9: 600
   russia time zone 10: 660
   russia time zone 11: 720 
   russian standard: 180
   sa eastern standard: -180
   sa pacific standard: -300
   sa western standard: -240
   samoa standard: -660
   se asia standard: 420
   singapore standard: 480
   singapore: 480
   south africa standard: 120
   sri lanka standard: 330
   syria standard: 120
   taipei standard: 480
   tasmania standard: 600
   tokyo standard: 540
   tonga standard: 780
   turkey standard: 180
   ulaanbaatar standard: 480
   us eastern standard: -300
   us mountain standard: -420
   venezuela standard: -240
   vladivostok standard: 600
   w. australia standard: 480
   w. central africa standard: 60
   w. europe standard: 0
   western european: 0
   west europe standard: 0
   west europe std: 0
   western europe standard: 0
   western europe summer: 60
   w. europe summer: 60
   western european summer: 60
   west europe summer: 60
   west asia standard: 300
   west pacific standard: 600
   yakutsk standard: 540
   pacific daylight saving: -420
   australian western daylight: 540
   australian west daylight: 540
   austrialian western daylight: 540
   austrialian west daylight: 540
   colombia: -300
   hong kong: 480
   madrid: 60
   bilbao: 60
   seville: 60
   valencia: 60
   malaga: 60
   las Palmas: 60
   zaragoza: 60
   alicante: 60
   alche: 60
   oviedo: 60
   gijón: 60
   avilés: 60
MajorLocations: !list
  types: [ string ]
  entries:
    # top due to conflict
    - Dominican Republic
    - Dominica
    - Guinea Bissau
    - Guinea-Bissau
    - Guinea
    - Equatorial Guinea
    - Papua New Guinea
    - New York City
    - New York
    - York
    - Mexico City
    - New Mexico
    - Mexico
    # major cities, english focus
    - Aberdeen
    - Adelaide
    - Anaheim
    - Atlanta
    - Auckland
    - Austin
    - Bangkok
    - Baltimore
    - Baton Rouge
    - Beijing
    - Belfast
    - Birmingham
    - Bolton
    - Boston
    - Bournemouth
    - Bradford
    - Brisbane
    - Bristol
    - Calgary
    - Canberra
    - Cardiff
    - Charlotte
    - Chicago
    - Christchurch
    - Colchester
    - Colorado Springs
    - Coventry
    - Dallas
    - Denver
    - Derby
    - Detroit
    - Dubai
    - Dublin
    - Dudley
    - Dunedin
    - Edinburgh
    - Edmonton
    - El Paso
    - Glasgow
    - Gold Coast
    - Hamilton
    - Hialeah
    - Houston
    - Ipswich
    - Jacksonville
    - Jersey City
    - Kansas City
    - Kingston-upon-Hull
    - Leeds
    - Leicester
    - Lexington
    - Lincoln
    - Liverpool
    - London
    - Long Beach
    - Los Angeles
    - Louisville
    - Lubbock
    - Luton
    - Madison
    - Manchester
    - Mansfield
    - Melbourne
    - Memphis
    - Mesa
    - Miami
    - Middlesbrough
    - Milan
    - Milton Keynes
    - Minneapolis
    - Montréal
    - Montreal
    - Nashville
    - New Orleans
    - Newark
    - Newcastle-upon-Tyne
    - Newcastle
    - Northampton
    - Norwich
    - Nottingham
    - Oklahoma City
    - Oldham
    - Omaha
    - Orlando
    - Ottawa
    - Perth
    - Peterborough
    - Philadelphia
    - Phoenix
    - Plymouth
    - Portland
    - Portsmouth
    - Preston
    - Québec City
    - Quebec City
    - Québec
    - Quebec
    - Raleigh
    - Reading
    - Redmond
    - Richmond
    - Rome
    - San Antonio
    - San Diego
    - San Francisco
    - San José
    - Santa Ana
    - Seattle
    - Sheffield
    - Southampton
    - Southend-on-Sea
    - Spokane
    - St Louis
    - St Paul
    - St Petersburg
    - St. Louis
    - St. Paul
    - St. Petersburg
    - Stockton-on-Tees
    - Stockton
    - Stoke-on-Trent
    - Sunderland
    - Swansea
    - Swindon
    - Sydney
    - Tampa
    - Tauranga
    - Telford
    - Toronto
    - Vancouver
    - Virginia Beach
    - Walsall
    - Warrington
    - Washington
    - Wellington
    - Wolverhampton
    - Abilene
    - Akron
    - Albuquerque
    - Alexandria
    - Allentown
    - Amarillo
    - Anchorage
    - Ann Arbor
    - Antioch
    - Arlington
    - Arvada
    - Athens
    - Augusta
    - Aurora
    - Bakersfield
    - Beaumont
    - Bellevue
    - Berkeley
    - Billings
    - Boise
    - Boulder
    - Bridgeport
    - Broken Arrow
    - Brownsville
    - Buffalo
    - Burbank
    - Cambridge
    - Cape Coral
    - Carlsbad
    - Carrollton
    - Cary
    - Cedar Rapids
    - Centennial
    - Chandler
    - Charleston
    - Chattanooga
    - Chengdu
    - Chesapeake
    - Chongqing
    - Chula Vista
    - Cincinnati
    - Clarksville
    - Clearwater
    - Cleveland
    - Clovis
    - College Station
    - Columbia
    - Columbus
    - Concord
    - Coral Springs
    - Corona
    - Costa Mesa
    - Daly City
    - Davenport
    - Dayton
    - Denton
    - Des Moines
    - Downey
    - Durham
    - Edison
    - El Cajon
    - El Monte
    - Elgin
    - Elizabeth
    - Elk Grove
    - Erie
    - Escondido
    - Eugene
    - Evansville
    - Everett
    - Fairfield
    - Fargo
    - Farmington Hills
    - Fayetteville
    - Fontana
    - Fort Collins
    - Fort Lauderdale
    - Fort Wayne
    - Fort Worth
    - Fremont
    - Fresno
    - Frisco
    - Fullerton
    - Gainesville
    - Garden Grove
    - Garland
    - Gilbert
    - Glendale
    - Grand Prairie
    - Grand Rapids
    - Green Bay
    - Greensboro
    - Gresham
    - Guangzhou
    - Hampton
    - Hartford
    - Hayward
    - Henderson
    - High Point
    - Hollywood
    - Honolulu
    - Huntington Beach
    - Huntsville
    - Independence
    - Indianapolis
    - Inglewood
    - Irvine
    - Irving
    - Jackson
    - Joliet
    - Kent
    - Killeen
    - Knoxville
    - Lafayette
    - Lakeland
    - Lakewood
    - Lancaster
    - Lansing
    - Laredo
    - Las Cruces
    - Las Vegas
    - Lewisville
    - Little Rock
    - Lowell
    - Macon
    - McAllen
    - McKinney
    - Mesquite
    - Miami Gardens
    - Midland
    - Milwaukee
    - Miramar
    - Mobile
    - Modesto
    - Montgomery
    - Moreno Valley
    - Murfreesboro
    - Murrieta
    - Naperville
    - New Haven
    - Newport News
    - Norfolk
    - Norman
    - North Charleston
    - North Las Vegas
    - Norwalk
    - Oakland
    - Oceanside
    - Odessa
    - Olathe
    - Ontario
    - Orange
    - Overland Park
    - Oxnard
    - Palm Bay
    - Palmdale
    - Pasadena
    - Paterson
    - Pearland
    - Pembroke Pines
    - Peoria
    - Pittsburgh
    - Plano
    - Pomona
    - Pompano Beach
    - Providence
    - Provo
    - Pueblo
    - Rancho Cucamonga
    - Reno
    - Rialto
    - Richardson
    - Riverside
    - Rochester
    - Rockford
    - Roseville
    - Round Rock
    - Sacramento
    - Saint Paul
    - Salem
    - Salinas
    - Salt Lake City
    - San Bernardino
    - San Jose
    - San Mateo
    - Sandy Springs
    - Santa Clara
    - Santa Clarita
    - Santa Maria
    - Santa Rosa
    - Savannah
    - Scottsdale
    - Shanghai
    - Shenyang
    - Shenzhen
    - Shreveport
    - Simi Valley
    - Sioux Falls
    - South Bend
    - Springfield
    - Stamford
    - Sterling Heights
    - Sunnyvale
    - Surprise
    - Suzhou
    - Syracuse
    - Tacoma
    - Tallahassee
    - Temecula
    - Tempe
    - Thornton
    - Thousand Oaks
    - Tianjing
    - Toledo
    - Topeka
    - Torrance
    - Tucson
    - Tulsa
    - Tyler
    - Vallejo
    - Ventura
    - Victorville
    - Visalia
    - Waco
    - Warren
    - Waterbury
    - West Covina
    - West Jordan
    - West Palm Beach
    - West Valley City
    - Westminster
    - Wichita
    - Wichita Falls
    - Wilmington
    - Winston-Salem
    - Worcester
    - Wuxi
    - Xiamen
    - Yonkers
    - Bentonville
    # country/regions plus u.s. states
    - Afghanistan
    - AK
    - AL
    - Alabama
    - Åland
    - Åland Islands
    - Alaska
    - Albania
    - Algeria
    - American Samoa
    - Andorra
    - Angola
    - Anguilla
    - Antarctica
    - Antigua and Barbuda
    - AR
    - Argentina
    - Arizona
    - Arkansas
    - Armenia
    - Aruba
    - Australia
    - Austria
    - AZ
    - Azerbaijan
    - Bahamas
    - Bahrain
    - Bangladesh
    - Barbados
    - Belarus
    - Belgium
    - Belize
    - Benin
    - Bermuda
    - Bhutan
    - Bolivia
    - Bonaire
    - Bosnia
    - Bosnia and Herzegovina
    - Botswana
    - Bouvet Island
    - Brazil
    - British Indian Ocean Territory
    - British Virgin Islands
    - Brunei
    - Bulgaria
    - Burkina Faso
    - Burundi
    - CA
    - Cabo Verde
    - California
    - Cambodia
    - Cameroon
    - Canada
    - Cayman Islands
    - Central African Republic
    - Chad
    - Chile
    - China
    - Christmas Island
    - CO
    - Cocos Islands
    - Colombia
    - Colorado
    - Comoros
    - Congo
    - Congo (DRC)
    - Connecticut
    - Cook Islands
    - Costa Rica
    - Côte d’Ivoire
    - Croatia
    - CT
    - Cuba
    - Curaçao
    - Cyprus
    - Czechia
    - DE
    - Delaware
    - Denmark
    - Djibouti
    - Ecuador
    - Egypt
    - El Salvador
    - Eritrea
    - Estonia
    - eSwatini
    - Ethiopia
    - Falkland Islands
    - Falklands
    - Faroe Islands
    - Fiji
    - Finland
    - FL
    - Florida
    - France
    - French Guiana
    - French Polynesia
    - French Southern Territories
    - FYROM
    - GA
    - Gabon
    - Gambia
    - Georgia
    - Georgia
    - Germany
    - Ghana
    - Gibraltar
    - Greece
    - Greenland
    - Grenada
    - Guadeloupe
    - Guam
    - Guatemala
    - Guernsey
    - Guyana
    - Haiti
    - Hawaii
    - Herzegovina
    - HI
    - Honduras
    - Hong Kong
    - Hungary
    - IA
    - Iceland
    - ID
    - Idaho
    - IL
    - Illinois
    - IN
    - India
    - Indiana
    - Indonesia
    - Iowa
    - Iran
    - Iraq
    - Ireland
    - Isle of Man
    - Israel
    - Italy
    - Ivory Coast
    - Jamaica
    - Jan Mayen
    - Japan
    - Jersey
    - Jordan
    - Kansas
    - Kazakhstan
    - Keeling Islands
    - Kentucky
    - Kenya
    - Kiribati
    - Korea
    - Kosovo
    - KS
    - Kuwait
    - KY
    - Kyrgyzstan
    - LA
    - Laos
    - Latvia
    - Lebanon
    - Lesotho
    - Liberia
    - Libya
    - Liechtenstein
    - Lithuania
    - Louisiana
    - Luxembourg
    - MA
    - Macao
    - Macedonia
    - Madagascar
    - Maine
    - Malawi
    - Malaysia
    - Maldives
    - Mali
    - Malta
    - Marshall Islands
    - Martinique
    - Maryland
    - Massachusetts
    - Mauritania
    - Mauritius
    - Mayotte
    - MD
    - ME
    - MI
    - Michigan
    - Micronesia
    - Minnesota
    - Mississippi
    - Missouri
    - MN
    - MO
    - Moldova
    - Monaco
    - Mongolia
    - Montana
    - Montenegro
    - Montserrat
    - Morocco
    - Mozambique
    - MS
    - MT
    - Myanmar
    - Namibia
    - Nauru
    - NC
    - ND
    - NE
    - Nebraska
    - Nepal
    - Netherlands
    - Nevada
    - New Caledonia
    - New Hampshire
    - New Jersey
    - New Zealand
    - NH
    - Nicaragua
    - Niger
    - Nigeria
    - Niue
    - NJ
    - NM
    - Norfolk Island
    - North Carolina
    - North Dakota
    - North Korea
    - Northern Mariana Islands
    - Norway
    - NV
    - NY
    - OH
    - Ohio
    - OK
    - Oklahoma
    - Oman
    - OR
    - Oregon
    - PA
    - Pakistan
    - Palau
    - Palestinian Authority
    - Panama
    - Paraguay
    - Pennsylvania
    - Peru
    - Philippines
    - Pitcairn Islands
    - Poland
    - Portugal
    - Puerto Rico
    - Qatar
    - Réunion
    - Rhode Island
    - RI
    - Romania
    - Russia
    - Rwanda
    - Saba
    - Saint Barthélemy
    - Saint Kitts and Nevis
    - Saint Lucia
    - Saint Martin
    - Saint Pierre and Miquelon
    - Saint Vincent and the Grenadines
    - Samoa
    - San Marino
    - São Tomé and Príncipe
    - Saudi Arabia
    - SC
    - SD
    - Senegal
    - Serbia
    - Seychelles
    - Sierra Leone
    - Singapore
    - Sint Eustatius
    - Sint Maarten
    - Slovakia
    - Slovenia
    - Solomon Islands
    - Somalia
    - South Africa
    - South Carolina
    - South Dakota
    - South Sudan
    - Spain
    - Sri Lanka
    - Sudan
    - Suriname
    - Svalbard
    - Swaziland
    - Sweden
    - Switzerland
    - Syria
    - Taiwan
    - Tajikistan
    - Tanzania
    - Tennessee
    - Texas
    - Thailand
    - Timor-Leste
    - TN
    - Togo
    - Tokelau
    - Tonga
    - Trinidad and Tobago
    - Tunisia
    - Turkey
    - Turkmenistan
    - Turks and Caicos Islands
    - Tuvalu
    - TX
    - U.S. Outlying Islands
    - US Outlying Islands
    - U.S. Virgin Islands
    - US Virgin Islands
    - Uganda
    - UK
    - Ukraine
    - United Arab Emirates
    - United Kingdom
    - United States
    - Uruguay
    - US
    - USA
    - UT
    - Utah
    - Uzbekistan
    - VA
    - Vanuatu
    - Vatican City
    - Venezuela
    - Vermont
    - Vietnam
    - Virginia
    - VT
    - WA
    - Wallis and Futuna
    - West Virginia
    - WI
    - Wisconsin
    - WV
    - WY
    - Wyoming
    - Yemen
    - Zambia
    - Zimbabwe
    # other major cities
    - Paris
    - Tokyo
    - Shanghai
    - Sao Paulo
    - Rio de Janeiro
    - Rio
    - Brasília
    - Brasilia
    - Recife
    - Milan
    - Mumbai
    - Moscow
    - Frankfurt
    - Munich
    - Berlim
    - Madrid
    - Lisbon
    - Warsaw
    - Johannesburg
    - Seoul
    - Istanbul
    - Kuala Kumpur
    - Jakarta
    - Amsterdam
    - Brussels
    - Valencia
    - Seville
    - Bilbao
    - Malaga
    - Las Palmas
    - Zaragoza
    - Alicante
    - Elche
    - Oviedo
    - Gijón
    - Avilés
    # special locations
    - West Coast
    - Central
    - Pacific
    - Eastern
    - Mountain
